Date,Gym 🏋️ (gym trips),,Create Art,Swim (swims),Jog,Laundry,Days since Caffeine
27/09/2026,,1,,,,,
23/09/2026,,,,,,,
22/09/2026,,,,,,,
21/09/2026,1,,1,1,,,
20/09/2026,,,1,,,,
15/09/2026,,1,,,,,
14/09/2026,1,,,1,,,
10/09/2026,1,,,,,,
08/09/2026,,1,,,,,
07/09/2026,1,,,1,,,
02/09/2026,,,,,,,
01/09/2026,1,,,,,,
31/08/2026,1,,,1,,,
27/08/2026,1,,,,,,
26/08/2026,,,,,,,
25/08/2026,,2,1,,,,
17/08/2026,1,,,,,,
15/08/2026,,1,,,,,
14/08/2026,1,,,1,,,
11/08/2026,,1,,,,,
08/08/2026,,,,,,,
05/08/2026,,,,,,,
03/08/2026,1,,,1,,,
28/07/2026,1,,,,,,
22/07/2026,,,,,,,
21/07/2026,,,,,,,
20/07/2026,1,,,1,,,
18/07/2026,,,,1,,,
17/07/2026,,,1,1,,,
15/07/2026,1,,,,,,
14/07/2026,,,,,,,
13/07/2026,1,,,1,,,
08/07/2026,,,,,,,
07/07/2026,,1,,,,,
06/07/2026,1,,,1,,,
05/07/2026,,,1,,,,
04/07/2026,,,1,,,,
02/07/2026,,,,,,,
01/07/2026,,,1,,,,
30/06/2026,,1,,,,,
29/06/2026,1,,,,,,
26/06/2026,1,,,,,,
23/06/2026,,1,,,,,
22/06/2026,1,,,,,,
21/06/2026,,,,1,,,
20/06/2026,,,1,,,,
19/06/2026,1,,,,,,
15/06/2026,1,,,,,,
10/06/2026,1,,,,,,
07/06/2026,,,1,,,,
06/06/2026,,,1,,,,
01/06/2026,1,,,1,,,
29/05/2026,,,,1,,,
25/05/2026,1,,,,,,
20/05/2026,1,,,,,,
19/05/2026,,1,1,,,,
18/05/2026,1,,,1,,,
17/05/2026,,,,,,,
15/05/2026,1,,,,,,
11/05/2026,1,,,1,,,
10/05/2026,,1,,,,,
09/05/2026,,1,,,,,
08/05/2026,1,,,,,,
06/05/2026,,1,,,,,
05/05/2026,,2,,,,,
04/05/2026,1,,,1,,,
01/05/2026,1,,,,,,
30/04/2026,1,,1,,,,
28/04/2026,,1,,,,,
27/04/2026,1,,,,,,
21/04/2026,,1,,,,,
20/04/2026,1,,,,,,
16/04/2026,1,,,,,,
14/04/2026,,1,,,,,
13/04/2026,1,,,1,,,
12/04/2026,,,1,,,,
10/04/2026,1,,,,,,
07/04/2026,,1,,,,,
06/04/2026,1,,,,,,
01/04/2026,1,,,,,,
31/03/2026,,1,,,,,
30/03/2026,1,,1,,,,
29/03/2026,,,1,,,,
28/03/2026,,,1,,,,
27/03/2026,,,1,,,,
25/03/2026,1,1,,,,,
23/03/2026,1,,,,,,
20/03/2026,,1,,,,,
19/03/2026,1,,,,,,
17/03/2026,,1,,,,,
16/03/2026,1,,1,1,,,
15/03/2026,,1,,,,,
13/03/2026,,,3,,,,
12/03/2026,,1,5,,,,
11/03/2026,,,7,,,,
10/03/2026,,1,,,,,
09/03/2026,1,,,1,,,
08/03/2026,,,1,,,,
07/03/2026,,,1,,,,
06/03/2026,,2,,,,,
04/03/2026,1,,1,,,,
03/03/2026,,1,,,,,
02/03/2026,1,,,,,,
26/02/2026,,,,,,,
25/02/2026,,,,,,,
24/02/2026,,,,,,,
23/02/2026,1,,,1,,,
22/02/2026,,,,,,,
21/02/2026,1,,,,,,
20/02/2026,,,,,,,
19/02/2026,1,,,,,,
17/02/2026,,,,,,,
16/02/2026,1,,,,,,
15/02/2026,,1,,,,,
12/02/2026,,,,,,,
09/02/2026,1,,,1,,,
05/02/2026,1,,,,,,
02/02/2026,1,,,1,,,
31/01/2026,,1,,,1,,
28/01/2026,,1,,,1,,
26/01/2026,1,,,1,,,
25/01/2026,,2,,,1,,
23/01/2026,1,,,,,,
22/01/2026,,1,,,,,
20/01/2026,1,,,,,,
16/01/2026,1,,,,,,
14/01/2026,1,,,,,,
13/01/2026,,,,,,,
12/01/2026,,,,,,,
11/01/2026,,,,,,,
09/01/2026,,,,,,,
05/01/2026,,1,,,1,,
03/01/2026,1,,,,,,
02/01/2026,,2,,,1,1,
05/12/2025,,,,,,,
03/09/2025,,,,,,,
01/07/2025,,,,,,,
19/01/2025,,,,,,,
17/11/2024,,,,,,,
13/11/2024,,passes,,3,1,
28/10/2024,,,,,,,Reset
26/10/2024,,,,,,,
